1.2632539883336171	Wenn ein Unternehmen es nicht schafft, diese vor Verlust, Beschädigung oder Diebstahl zu schützen, ist das mehr als eine Unannehmlichkeit.	Quando uma organização falha em protegê-los contra perda, dano ou roubo, isso é mais do que uma inconveniência.
1.2116136599742924	Er kenne den Botschafter nicht, aber er sei nicht beliebt..	Eu não conheço o embaixador, mas ele não querido e nem bem-vindo nos Estados Unidos.
1.1998961905189327	Nein, auf gar keinen Fall.	Creio que não.
1.1661244716424568	Die Untersuchung des ICO hat ergeben, dass eine Vielzahl von Informationen durch schlechte Sicherheitsvorkehrungen im Unternehmen beeinträchtigt wurden, einschließlich Login, Zahlungskarte und Reisebuchungsdaten sowie Namens- und Adressinformationen..	Ainda segundo o ICO, uma série de informações foi comprometida pela falta de medidas de segurança na empresa, incluindo login, cartão de pagamento e detalhes da reserva de viagem, além de informações de nome e endereço..
1.1600881982900726	Juli 2019.	8 de julho de 2019 .
1.1590755841547686	Eigentlich.	
1.1576225857686537	Eine Sprecherin sagte, Botschafter würden dafür bezahlt, dass sie ehrlich sind und Minister mit einer aufrichtigen, ungeschminkten Einschätzung der Politik in ihrem Land versorgen..	Um porta-voz do Ministério de Relações Exteriores disse que o público espera que embaixadores forneçam aos ministros uma avaliação honesta e sem verniz da política dos seus países..
1.1465644631926633	Die Forschungsarbeit wurde in der Fachzeitschrift .	O resultado do estudo foi divulgado em uma revista científica..
1.1462137322706512	Das Platzangebot auch.	A parte tática também.
1.124477939594286	Damals kam keiner an ihnen vorbei.	No momento ninguém foi detido..
1.1182703593966798	Der Staat würde damit sparen.	O governo ajuda.
1.1063287593521205	Seit fast einem Monat war der Kater schon verschwunden.	A minha sumiu há um mês.
1.1049368709944942	20.000 wurden für die Zulassung benötigt.	São necessários 308 votos a favor para a matéria ser aprovada..
1.104361706383149	Je länger wir die positive Stimmung untereinander aufrechterhalten, umso besser ist es für den Einzelnen. .	Quanto mais segmentos da sociedade pudermos atingir, será melhor ainda.
1.101775061529901	Das ist für jeden gleich.	Treinei todos da mesma forma.
1.1001487975227537	Alle lieben es.	Todo mundo sabe tudo.
