1.2981366684616222	The opposite is true.	Im Gegenteil.
1.2328342228003484	That is going to be a big challenge.	Das ist eine echte Herausforderung.
1.1989961833590894	Its nonsense!.	Das ist doch alles Unsinn..
1.155856304315498	This has to stop.	Das gilt es zu vermeiden.
1.1335845753487577	'I was 14.	Als im 19.
1.1308072478928084	Join our twitter community : .	Teilen auf Facebook:.
1.1292483986545683	We strongly urge Iran to stop and reverse all activities inconsistent with its commitments ...	Die  rief Iran mit Nachdruck dazu auf, alle Schritte einzustellen und rückgängig zu machen.
1.123674865597326	Email me' .	veröffentlicht mit  .
1.1206276117539078	Darroch also gave a scathing assessment of the White House, saying: We donot really believe this administration is going to become substantially more normal; less dysfunctional; less unpredictable; less faction-riven; less diplomatically clumsy and inept.	Die Zeitung Mail on Sunday hatte aus einem Bericht von Botschafter Darroch zitiert, nach der dieser nicht glaube, dass diese Regierung erheblich normaler wird; weniger funktionsgestört; weniger unberechenbar; weniger zerstritten; weniger diplomatisch unbeholfen und unfähig.
1.1204922585058152	I was never really in love' .	Ich habe noch nie so schnell gewechselt.
1.1168028339272813	Let's be honest.	Er sei loyal.
1.1128429470915016	Photo: Reuven Blignault.	Bild: Johann Steiger .
1.1100506578620741	State trade ministers have agreed the zone should be operational from July 2020..	Anschluss an die Stadbahn soll im Juli 2020 fertig sein.
1.1085029475303814	So many questions.	Zu viele Fragen würden offenbleiben.
1.10608464293853	Move over, Adele!	Macht Euch keinen Druck, Ford!
1.1058487308100595	Here are some suggestions:.	Da habe ich einen Tipp: .
1.1053333201956967	We are proud to be standing up for them by bringing this indictment..	Wir sind stolz darauf, dass sie uns ihr Vertrauen entgegenbringen.
1.1042404625199513	We wish Leruo and the entire SA team all the best.	Wir wünschen dem Opfer alles erdenklich Gute, sagt Buchholz.
1.1036401042591355	For me, both decisions are good..	Beides ist gleichermaßen schlimm..
1.1023411816126027	The maximum pressure exerted by the US on Iran is the root cause of the Iranian nuclear crisis, Geng Shuang, spokesman for China's Foreign Ministry, told a press briefing in Beijing on Monday, according to Russia Today..	Der von den USA auf den Iran ausgeübte maximale Druck ist die Grundursache für die iranische Atomkrise, sagte Außenamtssprecher Geng Shuang.
