1.2902664757891902	All rights reserved.	Todos os direitos reservados..
1.2079867355767266	I have been very critical about the way the UK and Prime Minister Theresa May handled Brexit, Trump wrote.	Sou muito crítico da forma como o Reino Unido e a primeira-ministra Theresa May geriram o Brexit, disse Trump..
1.1880979415074728	© Copyright 2019 The Associated Press.	Copyright © 2019 Estadão Conteúdo.
1.1828701707856235	Who knew they were friends?	Quem eram seus pais?.
1.1768645211356203	You can also follow us on .	E acompanhe também o !
1.1401437071106084	are a sign that Trump's displeasure with Darroch has intensified since he told reporters on Sunday: We are not big fans of that man and he has not served the UK well … so I can understand it and I can say things about him, but I wonot bother..	Trump disse a repórteres a respeito de Darroch: Não somos grandes fãs desse homem e ele não serve bem ao Reino Unido, então posso entender e posso dizer coisas a seu respeito, mas não me darei ao trabalho..
1.1295835093805755	What to do then?	Sabe como?
1.1232269180843537	I do not know the Ambassador, but he is not liked or well thought of within the US, the president said..	Eu não conheço o embaixador, mas ele não querido e nem bem-vindo nos Estados Unidos.
1.1166384479004552	I told her how it should be done, but she decided to go another way..	O presidente americano afirmou ter dito a May como agir, mas que ela tinha decidido adotar outro caminho..
1.104412401973031	Click to share on WhatsApp (Opens in new window).	Clique para compartilhar no WhatsApp(abre em nova janela).
1.102864013360596	Jesus wept!	O teu sítio é Jesus.
1.1015777752063936	Click to print (Opens in new window).	Clique para imprimir(abre em nova janela).
